default,en,ru
language,Languageüåç,–Ø–∑—ã–∫üåç
settings,Settings‚öôÔ∏è,–ù–∞—Å—Ç—Ä–æ–π–∫–∏‚öôÔ∏è
information,Information‚ÑπÔ∏è,–ò–Ω—Ñ–æ—Ä–º–∞—Ü–∏—è‚ÑπÔ∏è
hello_banner,"Hello!
This is weather-bot by @TheJustRusik
Now you can setup this bot!
","–ü—Ä–∏–≤–µ—Ç!
–≠—Ç–æ weather-bot –æ—Ç @TheJustRusik!
–¢—É—Ç —Ç—ã –º–æ–∂–µ—à—å –Ω–∞—Å—Ç—Ä–æ–∏—Ç—å –µ–≥–æ!"
error,Sorry! Some error occurred.‚ùå,–ü—Ä–æ—Å—Ç–∏—Ç–µ! –ü—Ä–æ–∏–∑–æ—à–ª–∞ –æ—à–∏–±–∫–∞.‚ùå
choose_language,Please choose language!üåç,–ü–æ–∂–∞–ª—É–π—Å—Ç–∞ –≤—ã–±–µ—Ä–∏—Ç–µ —è–∑—ã–∫!üåç
english,Englishüá∫üá∏,Englishüá∫üá∏
russian,–†—É—Å—Å–∫–∏–πüá∑üá∫,–†—É—Å—Å–∫–∏–πüá∑üá∫
russian_selected,Russian language selected!‚úÖ,–í—ã–±—Ä–∞–Ω —Ä—É—Å—Å–∫–∏–π —è–∑—ã–∫!‚úÖ
english_selected,English language selected!‚úÖ,–í—ã–±—Ä–∞–Ω –∞–Ω–≥–ª–∏–π—Å–∫–∏–π —è–∑—ã–∫!‚úÖ
your_settings,"‚ö†Ô∏èThese are all the current bot settings.
To change a field, click on the corresponding button.","‚ö†Ô∏è–≠—Ç–æ –≤—Å–µ —Ç–µ–∫—É—â–∏–µ –Ω–∞—Å—Ç—Ä–æ–π–∫–∏ –±–æ—Ç–∞.
–ß—Ç–æ–±—ã –∏–∑–º–µ–Ω–∏—Ç—å –∫–∞–∫–æ–µ —Ç–æ –ø–æ–ª–µ, –Ω–∞–∂–º–∏—Ç–µ –Ω–∞ —Å–æ–æ—Ç–≤–µ—Ç—Å–≤—É—é—â—É—é –∫–Ω–æ–ø–∫—É."
broadcasting,Broadcasting,–†–∞—Å—Å—ã–ª–∫–∞
broadcast_time,Broadcasting hours,–í—Ä–µ–º—è —Ä–∞—Å—Å—ã–ª–∫–∏
utc_delta,UTC difference,–†–∞–∑–Ω–∏—Ü–∞ UTC
locations,Cities,–ì–æ—Ä–æ–¥–∞
setup_broadcasting,Here you can choose whether the application will automatically send weather messages.,–ó–¥–µ—Å—å –≤—ã –º–æ–∂–µ—Ç–µ –≤—ã–±—Ä–∞—Ç—å –±—É–¥–µ—Ç –ª–∏ –ø—Ä–∏–ª–æ–∂–µ–Ω–∏–µ –∞–≤—Ç–æ–º–∞—Ç–∏—á–µ—Å–∫–∏ —Ä–∞—Å—Å—ã–ª–∞—Ç—å —Å–æ–æ–±—â–µ–Ω–∏—è –æ –ø–æ–≥–æ–¥–µ.
updated_broadcasting,Automatic broadcasting is: ,–ê–≤—Ç–æ–º–∞—Ç–∏—á–µ—Å–∫–∏–µ —Å–æ–æ–±—â–µ–Ω–∏—è:
enabled,Enabled,–í–∫–ª—é—á–µ–Ω—ã
disabled,Disabled,–û—Ç–∫–ª—é—á–µ–Ω—ã
set_enabled,Enable‚úÖ,–í–∫–ª—é—á–∏—Ç—å‚úÖ
set_disabled,Disable‚ùå,–í—ã–∫–ª—é—á–∏—Ç—å‚ùå
exit,Exit‚õî,–í—ã–π—Ç–∏‚õî
show_config,Show config‚öôÔ∏è,–ü–æ–∫–∞–∑–∞—Ç—å –∫–æ–Ω—Ñ–∏–≥‚öôÔ∏è
menu,Menu,–ú–µ–Ω—é
info,"""weather-bot"" was created to make people's lives easierüê•.
It can automatically notify people about the weather in your favorite chat or PM, and also give you weather-related tips.üåß‚òÇÔ∏è
You can configure which cities will be included in the mailing, the time of automatic mailing, or you can turn off the mailing if you so desire.üèôÔ∏èüïì
If you like the bot and want to add new features to it, feel free to do so on the project‚Äôs Github‚ù§Ô∏è
https://github.com/TheJustRusik/weather-bot-telegram","¬´weather-bot¬ª –±—ã–ª —Å–æ–∑–¥–∞–Ω, —á—Ç–æ–±—ã –æ–±–ª–µ–≥—á–∏—Ç—å –∂–∏–∑–Ω—å –ª—é–¥—è–º.üê•
–û–Ω –º–æ–∂–µ—Ç –∞–≤—Ç–æ–º–∞—Ç–∏—á–µ—Å–∫–∏ —É–≤–µ–¥–æ–º–ª—è—Ç—å –ª—é–¥–µ–π –æ –ø–æ–≥–æ–¥–µ –≤ –≤–∞—à–µ–º –ª—é–±–∏–º–æ–º —á–∞—Ç–µ –∏–ª–∏ –≤ –ª—Å, –∞ —Ç–∞–∫–∂–µ –¥–∞–≤–∞—Ç—å –≤–∞–º —Å–æ–≤–µ—Ç—ã, —Å–≤—è–∑–∞–Ω–Ω—ã–µ —Å –ø–æ–≥–æ–¥–æ–π.üåß‚òÇÔ∏è
–í—ã –º–æ–∂–µ—Ç–µ –Ω–∞—Å—Ç—Ä–æ–∏—Ç—å, –∫–∞–∫–∏–µ –≥–æ—Ä–æ–¥–∞ –±—É–¥—É—Ç –≤–∫–ª—é—á–µ–Ω—ã –≤ —Ä–∞—Å—Å—ã–ª–∫—É, –≤—Ä–µ–º—è –∞–≤—Ç–æ–º–∞—Ç–∏—á–µ—Å–∫–æ–π —Ä–∞—Å—Å—ã–ª–∫–∏, –∞ –ø—Ä–∏ –∂–µ–ª–∞–Ω–∏–∏ –º–æ–∂–µ—Ç–µ –æ—Ç–∫–ª—é—á–∏—Ç—å —Ä–∞—Å—Å—ã–ª–∫—É.üèôüïì
–ï—Å–ª–∏ –≤–∞–º –Ω—Ä–∞–≤–∏—Ç—Å—è –±–æ—Ç –∏ –≤—ã —Ö–æ—Ç–∏—Ç–µ –¥–æ–±–∞–≤–∏—Ç—å –∫ –Ω–µ–º—É –Ω–æ–≤—ã–µ —Ñ—É–Ω–∫—Ü–∏–∏, –≤—ã –º–æ–∂–µ—Ç–µ —Å–¥–µ–ª–∞—Ç—å —ç—Ç–æ –Ω–∞ Github –ø—Ä–æ–µ–∫—Ç–∞‚ù§Ô∏è
https://github.com/TheJustRusik/weather-bot-telegram"